name,designation,company,industry,phoneNo,country,email
Leigh,Software,Flipkart,Software Engeeneer,6565646737,India,guru@gmail.com
Bob,Software,Flipkart,Software Engeeneer,6565646737,India,pooja@gmail.com
Chris,Software,Flipkart,Software Engeeneer,6565646737,India,megha@gmail.com
Billie,Software,Flipkart,Software Engeeneer,6565646737,India,megha@gmail.com
Leigh,Software,Flipkart,Software Engeeneer,6565646737,India,megha@gmail.com
Bob,Software,Flipkart,Software Engeeneer,6565646737,India,megha@gmail.com
Chris,Software,Flipkart,Software Engeeneer,6565646737,India,megha@gmail.com
Billie,Software,Flipkart,Software Engeeneer,6565646737,India,megha@gmail.com
Leigh,Software,Flipkart,Software Engeeneer,6565646737,India,pooja@gmail.com
Bob,Software,Flipkart,Software Engeeneer,6565646737,India,pooja@gmail.com
Chris,Software,Flipkart,Software Engeeneer,6565646737,India,pooja@gmail.com
Billie,Software,Flipkart,Software Engeeneer,6565646737,India,pooja@gmail.com
Leigh,Software,Flipkart,Software Engeeneer,6565646737,India,pooja@gmail.com
Bob,Software,Flipkart,Software Engeeneer,6565646737,India,guru@gmail.com
Chris,Software,Flipkart,Software Engeeneer,6565646737,India,guru@gmail.com
Billie,Software,Flipkart,Software Engeeneer,6565646737,India,guru@gmail.com